Question,Fine-tuning,API-based,Similarity Search
What is DevFest 2023?,"DevFest 2023 is an annual tech event organized by GDG communities around the world, featuring tech talks, hands-on sessions, and networking opportunities."," DevFest 2023 is a yearly tech event organized by Google Developers Groups. At DevFest, you can meet other tech enthusiasts, learn new things, and stay updated on the latest tech trends.",DevFest 2023 is a yearly tech event organized by Google Developers Groups.
Who organizes DevFest 2023?,DevFest 2023 is organized by GDG., Google Developers Groups.,Google Developers Groups organizes DevFest 2023
What can attendees do at DevFest 2023?,"At DevFest 2023, attendees can participate in the event by registering online."," Attendees at DevFest 2023 can meet other tech enthusiasts, learn new things, stay updated on the latest tech trends, tackle tech problems, code, create, and compete. They can also get help from mentors with their issues.","At DevFest, you can meet other tech enthusiasts, learn new things, and stay updated on the latest tech trends."
What kind of tech enthusiasts can be found at DevFest 2023?,"At DevFest 2023, you can meet tech enthusiasts, learn new things, and stay up to date with the latest tech trends."," At DevFest 2023, you can meet other tech enthusiasts, learn new things, and stay updated on the latest tech trends.","At DevFest, you can meet other tech enthusiasts, learn new things, and stay updated on the latest tech trends."
What are some of the latest tech trends discussed at DevFest 2023?,"At DevFest 2023, you can expect to learn about the latest tech trends and innovations from experts in the field.", I don't know.,"Sorry, the chatbot cannot answer this question"
What type of event is Devfest'23?,"Devfest'23 is an event that will take place on October 19-21, 2023.", Devfest'23 is a yearly tech event organized by Google Developers Groups. It consists of two parts: a hackathon and online challenges.,"DevFest 2023 is a tech event where you can meet other tech enthusiasts, learn new things, and stay updated on the latest tech trends."
When will the Challenges portion of Devfest'23 take place?,"The Challenges portion of Devfest'23 will take place on October 19th, 2023 on the GDG Challenges platform."," October 19th, 2023",The Challenges portion of Devfest'23 will take place on October 19.
What type of activities will be available during the Hackathon portion of Devfest'23?,"The Hackathon portion of Devfest'23 will include activities such as coding, creating projects, and networking."," During the Hackathon portion of Devfest'23, participants will be able to code, create, and compete. There will also be mentorship sessions available to provide guidance and answer questions.","You can code, create, and compete during the Hackathon portion of DevFest'23."
What is the timeline for Devfest'23?,"Devfest'23 will take place from October 19th to the 21st, 2023.", The timeline for Devfest'23 is October 19th for the Challenges and November 30th for the Hackathon.,"Sorry, the chatbot cannot answer this question"
What is the purpose of Devfest'23?,Devfest'23 is a two-part event that includes Challenges and a Hackathon.," The purpose of Devfest'23 is to provide a platform for tech enthusiasts to meet, learn, and stay updated on the latest tech trends, as well as to participate in challenges and a hackathon.","At DevFest, you can meet other tech enthusiasts, learn new things, and stay updated on the latest tech trends."
What is the date of the Challenges part?,The Challenges part of Event: DevFest 2023 includes two parts: Smart Cities and Cybersecurity.," October 19th, 2023","Sorry, the chatbot cannot answer this question"
How many participants are expected to join the Hackathon?,The Hackathon is expected to have 100 participants., 100 participants are expected to join the Hackathon.,"There is no limit on the number of attendees, although we strongly encourage teams of 5 participants."
What type of skills will be showcased at the Hackathon?,"At the Hackathon, participants will have the opportunity to showcase their skills in coding, creativity, and problem-solving."," Creativity and innovation, clean implementation, and business value.","DevFest 2023 is a tech event where you can meet other tech enthusiasts, learn new things, and stay updated on the latest tech trends.
There will be two parts to DevFest: Challenges happening online on October 19, where you can tackle tech problems and learn, and the second part Hackathon on November 30, where you can code, create, and compete."
What is the format of the Challenges part?,The Challenges part of the event will be divided into two parts: the Hackathon and the Challenges., The Challenges part is an individual competition with a scoring system based on the number and difficulty of solved challenges and the time needed for that. Participants who solve a certain threshold of challenges will receive a certificate.,The Challenges part will have two parts: a hackathon and online challenges.
What is the duration of the Hackathon?,The Hackathon will take place over a period of 10 days.," The Hackathon will take place from October 30th to the 1st December, 2023.","Sorry, the chatbot cannot answer this question"
What type of event is it?,The event is a two-part event consisting of Challenges and a Hackathon.," It is a hackathon and online challenges event with individual competition format and fields such as Web, Mobile, AI, Cyber Security, and Game Dev.",The hackathon is a weekend-long event where participants work on their project ideas with guidance from mentors and experts from the tech industry.
What is the structure of the event?,The event will consist of two parts: a hackathon and online challenges.," The event is divided into two parts: Challenges happening online on October 19, where participants can tackle tech problems and learn, and the Hackathon on November 30, where participants can code, create, and compete. The Challenges part allows an unlimited number of participants to join online, while the Hackathon is expecting 100 participants. Participants have to choose a specific field to participate in.",The event will have two parts: a hackathon and online challenges.
What will be included in the hackathon?,The hackathon will include a certain number of participants.," The hackathon will include online challenges, mentorship sessions, and a theme of Smart Cities with subthemes and a hacker guide provided to participants.",Hackathon prizes include a trip to anywhere in the world
What kind of online challenges will be available?,"The Event Challenges will be available on the GDG Challenges platform starting on October 19th, 2023 and will last for 10 days."," Web, Mobile, AI, Cyber Security, and Game Dev.","Sorry, the chatbot cannot answer this question"
How long will the event last?,"The event will last for 3 days and will include tech talks, workshops, and a hackathon."," The event will last 10 days, from October 19th to November 30th.","The event will last for two days, Friday, March 31st and Saturday, April 1st."
What is the date of the Event Challenges?,"The Event Challenges will take place on October 19th, 2023 on the GDG Challenges platform and will last for 10 days."," October 19th, 2023",Registration are open until the last day before the start of the challenges
Where will the Event Challenges take place?,"The Event Challenges will take place on the GDG Challenges platform from October 19th to the 21st, 2023."," The Event Challenges will take place on the GDG Challenges platform on October 19th, 2023.","Event Challenges will happen online on October 19, where you can tackle tech problems and learn."
How long will the Event Challenges last?,"The Event Challenges will last for 10 days on the GDG Challenges platform from October 19th, 2023.", The Event Challenges will last until October 19th.,Registration for Event Challenges are open until the day before the start of the challenges.
What platform will the Event Challenges be hosted on?,"The Event Challenges will be hosted on the GDG Challenges platform on October 19th, 2023.", The Event Challenges will be hosted on the GDG Challenges platform at gdg.challenges.com.,"Sorry, the chatbot cannot answer this question"
What is the timeline for the Event Challenges?,"The Event Challenges will take place online on October 19th, 2023 on the GDG Challenges platform and will last for 10 days."," The Event Challenges timeline is 10 days, starting on October 19th and ending on November 30th.","Sorry, the chatbot cannot answer this question"
What are the different event challenges available?,The different event challenges available are the Devfest 2023 Challenges.," The event challenges available are Web, Mobile, AI, Cyber Security, and Game Dev.","There are three types of Event Challenges:
- Field selection
- Judging
- Structure"
What fields are covered in the event challenges?,"The fields covered in the event challenges are Web, Mobile, AI, and Cyber Security."," Web, Mobile, AI, Cyber Security, Game Dev.","There are three types of fields in Event Challenges:
Hardware - building a physical device
Software - building software
AI - building an AI"
What is the focus of the Web event challenge?,The focus of the Web event challenge is Web Development., The Web event challenge focuses on web development.,"Sorry, the chatbot cannot answer this question"
What is the focus of the Mobile event challenge?,The focus of the Mobile event challenge is on mobile app development., Creating mobile applications.,"Sorry, the chatbot cannot answer this question"
What is the focus of the AI event challenge?,The focus of the AI event challenge is on Artificial Intelligence., The AI event challenge focuses on developing solutions using artificial intelligence.,The AI event challenge is focused on Artificial Intelligence.
What is the judging criteria for the event challenges?,"The judging criteria for the event challenges will be based on criteria such as creativity, innovation, and clean implementation.", The judging criteria for the event challenges is a scoring system taking into consideration the number and difficulty of solved challenges alongside the time needed for that. Cheating will disqualify the participant in order to preserve the integrity of the competition.,The judging criteria will be a scoring system taking into consideration the number and difficulty of solved challenges alongside the time needed for that Event Challenges.
How is the scoring system determined for the event challenges?,"The scoring system for the Event Challenges is determined by the number and difficulty of solved challenges, with more points awarded for more difficult challenges.", The scoring system takes into consideration the number and difficulty of solved challenges alongside the time needed for that.,The scoring system for the Event Challenges takes into account the number and difficulty of solved challenges alongside the time needed for that Event Challenges.
What factors are taken into consideration when judging the event challenges?,"The judging criteria for the Event Challenges includes criteria such as creativity, innovation, and the quality of the project."," The number and difficulty of solved challenges, the time needed to solve them, and whether or not the participant cheated.",Judging criteria will be a scoring system taking into consideration the number and difficulty of solved challenges alongside the time needed for that Event Challenges
How many challenges must be solved to receive a good score?,"To receive a good score in the Event Challenges, a participant must solve a certain number of challenges."," It depends on the number and difficulty of the challenges, as well as the time needed to solve them.","No, there is no information about how many challenges must be solved to receive a good score."
How much time is allowed for solving the event challenges?,The event challenges are designed to be solved within a specific timeframe., It depends on the number and difficulty of the challenges and the time needed for that.,There is no time restriction for solving the Event Challenges
How do I register for the event challenges?,"You can register for the Event Challenges by visiting the GDG challenges platform and clicking on the ""Register"" button.", You can register for the event challenges by signing up in GDG challenges plateform. Registration is open until the last day before the start of the challenges.,Everyone is welcome to register for the challenges as they will be online Event Challenges
Is there a cost associated with registering for the event challenges?,"No, there is no cost associated with registering for the event challenges."," No, there is no cost associated with registering for the event challenges.",Everyone is welcome to register for the challenges as they will be online Event Challenges
What is the process for registering for the event challenges?,"To register for the Event Challenges, you can do so by visiting the GDG challenges platform and clicking on the ""Register"" button.", You can register for the event challenges by signing up in GDG challenges plateform until the last day before the start of the challenges.,"Sorry, the chatbot cannot answer this question"
Are there any age restrictions for registering for the event challenges?,"No, there are no age restrictions for registering for the event challenges."," No, there are no age restrictions for registering for the event challenges.",Everyone is welcome to register for the challenges as they will be online
Are the event challenges only available online?,"Yes, the Event Challenges are only available online."," Yes, the event challenges are only available online.",Everyone is welcome to register for the challenges as they will be online
What fields are available for participants to choose from?,Participants can choose from the available fields to participate in the Event Challenges.," Web, Mobile, AI, Cyber Security, Game Dev.","Sorry, the chatbot cannot answer this question"
How does a participant select a field to participate in?,A participant must select a field to participate in when registering for an Event Hackathon., A participant can select a field to participate in by signing up in GDG Challenges plateform.,A participant has to choose a specific field to participate in Event Challenges
What criteria must be met in order to participate in a specific field?,"In order to participate in a specific field, you must choose that field in the registration form for the Event Challenges."," Participants must choose a field from the list of available fields (Web, Mobile, AI, Cyber Security, Game Dev) and must not cheat in order to preserve the integrity of the competition.","There are no workshops scheduled for the hackathon, but there will be mentorship sessions, our mentors will be available to assist you whenever you need guidance or have questions during the hackathon."
Are there any restrictions on which fields a participant can choose from?,"Yes, a participant must choose a specific field from the Event Challenges to participate in."," Yes, participants must choose from the fields listed: Web, Mobile, AI, Cyber Security, Game Dev.",A participant has to choose a specific field to participate in Event Challenges
What are the benefits of participating in a specific field?,Participating in a specific field at Event: DevFest will allow you to gain more experience and knowledge in that field., Participating in a specific field can give you access to mentors who are experts in that field and can help you with any issues you may have.,"Sorry, the chatbot cannot answer this question"
What types of events are available on the GDG Challenges platform?,The GDG Challenges platform offers Event Challenges and other Challenges.," Events such as Devfest challenges that have a timeline of 10 days and take place on October 19th, 2023.","GDG Challenges provides two different types of events:
Hackathon: An event where people collaborate intensively on software projects.
Online challenges: A series of programming challenges that can be undertaken remotely."
How can I find Devfest challenges on the GDG Challenges platform?,You can find Devfest challenges on the GDG Challenges platform by visiting gdg.challenges.com., You can find Devfest challenges on the GDG Challenges platform at gdg.challenges.com.,Find Devfest challenges at GDG Challenges plateform: gdg.challenges.com
What is the URL for the GDG Challenges platform?,The URL for the GDG Challenges platform is gdg.challenges.com., gdg.challenges.com,"Sorry, the chatbot cannot answer this question"
What are the benefits of participating in Devfest challenges?,"Participating in Devfest challenges offers the opportunity to learn new skills, gain experience, and stay up to date with the latest technologies."," Participating in Devfest challenges can help you tackle tech problems, learn new things, and stay updated on the latest tech trends.","Sorry, the chatbot cannot answer this question"
What types of challenges are available on the GDG Challenges platform?,The GDG Challenges platform offers Event Challenges and other Challenges., I don't know.,"GDG Challenges offers three types of challenges:
1. Event Challenges: These challenges are usually offered during tech events
2. Online Challenges: These are challenges you can solve at home
3. Hackathons: Solve challenges during a hackathon"
What are the Event Challenges?,"Event Challenges are a set of online challenges that will be hosted on the GDG challenges platform from October 19th to the 21st, 2023."," Event Challenges are a competition format that consists of two parts: a hackathon and online challenges. Participants can compete in fields such as Web, Mobile, AI, Cyber Security, and Game Dev. All participants solving a certain threshold of challenges will receive a certificate.",The Event Challenges will take place online. Participants have to choose a specific field to participate in.
How can I participate in the Event Challenges?,You can participate in the Event Challenges by signing up on the GDG challenges platform., You can participate by signing up in GDG challenges plateform. Everyone is welcome to register for the challenges as they will be online.,Everyone is welcome to register for the challenges as they will be online
What is the GDG Challenges Plateform?,The GDG Challenges Platform is an online event platform where you can participate in the Event Challenges by signing up and submitting your solutions.," The GDG Challenges Plateform is a website where you can find Devfest challenges and sign up to participate. The timeline for the event is 10 days, starting on October 19th, 2023. For additional clarifications and details, you can reach out to GDG through Community server discord and social media platforms.",GDG Challenges is the event challenges platform where you can find Devfest challenges.
What is the process for signing up for the Event Challenges?,"To sign up for the Event Challenges, you can do so by visiting the GDG Challenges platform and creating an account.", You can sign up for the Event Challenges by registering on the GDG challenges platform until the last day before the start of the challenges.,"Sorry, the chatbot cannot answer this question"
What are the benefits of participating in the Event Challenges?,Participating in the Event Challenges offers the opportunity to gain recognition and rewards.," Participants who solve a certain threshold of challenges will receive a certificate, and winners will be announced and mentioned in the event's social media.","The benefits of participating in the Event Challenges are:
- Judging criteria will be a scoring system taking into consideration the number and difficulty of solved challenges alongside the time needed for that.
- There will be mentors to help you with your issues, experts in their fields."
What type of computer components are included in the prizes?,"The prizes for the Event Challenges include computer components, software subscriptions, and hoodies.", I don't know.,"Sorry, the chatbot cannot answer this question"
What software subscriptions are included in the prizes?,"The prizes for the Event Challenges include software subscriptions, hoodies, and t-shirts.", I don't know.,"Sorry, the chatbot cannot answer this question"
What type of hoodies are included in the prizes?,"Bad gateway. {""error"":{""code"":502,""message"":""Bad gateway."",""param"":null,""type"":""cf_bad_gateway""}} 502 {'error': {'code': 502, 'message': 'Bad gateway.', 'param': None, 'type': 'cf_bad_gateway'}} {'Date': 'Wed, 04 Oct 2023 14:50:06 GMT', 'Content-Type': 'application/json', 'Content-Length': '84', 'Connection': 'keep-alive', 'X-Frame-Options': 'SAMEORIGIN', 'Referrer-Policy': 'same-origin', 'Cache-Control': 'private, max-age=0, no-store, no-cache, must-revalidate, post-check=0, pre-check=0', 'Expires': 'Thu, 01 Jan 1970 00:00:01 GMT', 'Server': 'cloudflare', 'CF-RAY': '810e32ac1cc32833-ALG', 'alt-svc': 'h3="":443""; ma=86400'}", I don't know.,"Sorry, the chatbot cannot answer this question"
How many prizes are available for the event challenges?,There will be prizes available for the Event Challenges., It depends on the number of participants.,"Sorry, the chatbot cannot answer this question"
What are the criteria for winning the event challenges?,Winners of the Event Challenges will be determined and announced by GDG., Winners will be determined by a scoring system that takes into consideration the number and difficulty of solved challenges alongside the time needed for that. Cheating will disqualify the participant.,The judging criteria will be a scoring system taking into consideration the number and difficulty of solved challenges alongside the time needed for that Event Challenges.
What are the event challenges?,The event challenges are a competition and the winners will be announced and mentioned in our social media.," The event challenges are web, mobile, AI, cyber security, and game dev.","Event Challenges will take place on Saturday, October 31st. A participant has to choose a specific field to participate in."
What are the rules of the event?,The rules of the event include the prohibition of cheating and the use of vulgar language., Cheating will disqualify the participant in order to preserve the integrity of the competition. Registration are open until the last day before the start of the challenges. Winners will be anounced and mentioned in our social media. There will be mentors and experts to provide hints and guidance throughout the competition.,Cheating will disqualify the participant in order to preserve the integrity of the competition
What happens if a participant cheats?,"HTTP code 502 from API (<html>
<head><title>502 Bad Gateway</title></head>
<body>
<center><h1>502 Bad Gateway</h1></center>
<hr><center>cloudflare</center>
</body>
</html>
)", The participant will be disqualified.,The participant will be disqualified in order to preserve the integrity of the competition.
How does the competition maintain its integrity?,"The competition maintains its integrity by ensuring that all participants adhere to the rules and guidelines, and by providing a fair and level playing field for all participants.", Cheating will disqualify the participant.,Judging criteria will be a scoring system taking into consideration the number and difficulty of solved challenges alongside the time needed for that.
What are the consequences of cheating?,Cheating in an event challenge will result in disqualification of the participant., Cheating will disqualify the participant.,"Sorry, the chatbot cannot answer this question"
What is the purpose of the leaderboard?,The purpose of the leaderboard is to display the rankings of participants in the Event Challenges., The leaderboard is used to track the progress of participants in the competition and to determine the winners at the end.,"Sorry, the chatbot cannot answer this question"
How will the leaderboard be updated?,The leaderboard for each Event Challenge will be updated in real-time and can be found on the Challenges platform.," The leaderboard will be updated throughout the competition, and will be frozen on the last phase.","Sorry, the chatbot cannot answer this question"
What criteria will be used to rank participants on the leaderboard?,Participants in the Event Challenges will be ranked on the leaderboard based on the criteria provided for each challenge., The number and difficulty of solved challenges alongside the time needed for that.,The judging criteria will be a scoring system taking into consideration the number and difficulty of solved challenges alongside the time needed for that Event Challenges.
How will the leaderboard be displayed?,The leaderboard for the Event Challenges will be displayed and updated throughout the competition., The leaderboard will be displayed on the Challenges platform and will be frozen on the last phase of the competition.,"Sorry, the chatbot cannot answer this question"
What is the last phase of the competition?,The last phase of the competition is a 10-day long competition., The last phase of the competition is when the leaderboard is frozen.,The last phase of the competition is the leaderboard phase
What kind of event challenges are available?,Event challenges are available and winners will be announced and mentioned in our social media.," The event challenges available are Web, Mobile, AI, Cyber Security, and Game Dev.","There are two types of challenges:
* - Online challenges
* - Hackathon"
What are the criteria for winning?,"Winners of the Event Challenges will be announced and mentioned in our social media, along with the hackathon winners.", Winning criteria will be a scoring system taking into consideration the number and difficulty of solved challenges alongside the time needed for that. Cheating will disqualify the participant in order to preserve the integrity of the competition.,The judging criteria will be a scoring system taking into consideration the number and difficulty of solved challenges alongside the time needed for that Event Challenges.
How will winners be anounced?,"Winners of the Event Challenges will be announced and mentioned in our social media, along with an invitation to the GDG community server.", Winners will be anounced and mentioned in our social media.,Winners will be anounced and mentioned in our social media
What social media platforms will winners be mentioned on?,Winners of the Event Challenges will be mentioned on our social media platforms and will receive a certificate., I don't know.,Winners will be announced and mentioned in our social media Event Challenges
What are the rewards for winning?,"Winners of the Event Challenges will be announced and mentioned in our social media, and will receive rewards."," Winners will be announced and mentioned in our social media, and they will receive computer components, software subscriptions, hoodies, and a certificate.",Winning hackathon prizes include a trip to anywhere in the world
What type of event is the Challenges?,The Challenges are an individual competition event., The Challenges is an individual competition event that consists of a hackathon and online challenges. Everyone is welcome to register for the challenges as they will be online and all participants solving a certain threshold of challenges will receive a certificate.,"The Challenges is a two-day event where participants have to solve challenges in the fields of Machine Learning, Computer Vision and Natural Language Processing."
What is the format of the competition?,The competition will be an individual competition., The format of the competition is an individual competition with two parts: a hackathon and online challenges. There will be mentors and experts to provide hints and guidance throughout the competition. Cheating will disqualify the participant in order to preserve the integrity of the competition.,The competition will have two parts: a hackathon and online challenges.
Is the Challenges a team or individual competition?,The Challenges are an individual competition., The Challenges is an individual competition.,The Challenges are an individual competition
How many participants can compete in the Challenges?,"Request timed out: HTTPSConnectionPool(host='api.openai.com', port=443): Read timed out. (read timeout=600)", An unlimited number of participants can compete in the Challenges.,The Challenges are an individual competition
What are the rules of the Challenges?,The Challenges are an individual competition and each participant must register to be able to participate., Participants must not cheat in order to preserve the integrity of the competition. The Challenges are an individual competition and everyone is welcome to register for them online. All participants solving a certain threshold of challenges will receive a certificate.,"Sorry, the chatbot cannot answer this question"
What type of event challenges will be available?,"Event challenges will be available in the GDG Community Challenges platform from the start of the event on October 19th, 2023."," Web, Mobile, AI, Cyber Security, and Game Dev.","There are two types of challenges:
Hackathon challenges - challenges that need to be solved during the hackathon
Online challenges - challenges that need to be solved online"
What kind of mentorship will be provided?,Mentorship will be provided by experts in the field who can guide you and provide assistance throughout the event.," Mentors will be available to provide hints and guidance throughout the competition, help with issues, and answer questions during the hackathon.","Yes, there will be mentorship sessions, our mentors will be available to assist you whenever you need guidance or have questions during the hackathon."
Who will be providing the mentorship?,Mentors and experts will be providing mentorship throughout the event., Mentors and experts.,Experts in their fields
What kind of hints and guidance will be provided?,Mentors and experts will be available to provide hints and guidance throughout the event challenges.," Mentors will provide guidance and hints related to the theme of Smart Cities and the subthemes, as well as general help with any issues or questions the participants may have.",There will be mentors and experts to provide hints and guidance throughout the competition
How will the mentors and experts be available during the competition?,Mentors and experts will be available during the competition to provide guidance and answer any questions you may have., The mentors and experts will be available to provide hints and guidance throughout the competition.,The mentors and experts will be available to provide hints and guidance throughout the competition Event Challenges and Event Hackathon.
What is the threshold of challenges that must be solved to receive a certificate?,"To receive a certificate, a participant must solve a certain threshold of challenges in the Event Challenges.", I don't know.,All participants solving a certain threshold of challenges will receive a certificate
What type of challenges are included in the event?,The event includes two parts: participating in challenges and attending the hackathon.," Web, Mobile, AI, Cyber Security, and Game Dev.","There are two types of challenges in the event:
Hackathon challenges - participants will have to solve problems in a given timespan
Online challenges - participants will have to solve problems individually"
What type of certificate will be awarded to participants?,All participants who solve a certain threshold of Event Challenges will receive a certificate., A certificate of completion for solving a certain threshold of challenges.,All participants solving a certain threshold of challenges will receive a certificate Event Challenges
How will participants receive their certificate?,All participants who solve a certain threshold of Event Challenges will receive a certificate., Participants will receive their certificate if they solve a certain threshold of challenges.,All participants solving a certain threshold of challenges will receive a certificate
Are there any additional requirements to receive a certificate?,"Yes, in order to receive a certificate, participants must solve a certain threshold of Event Challenges."," No, everyone who solves a certain threshold of challenges will receive a certificate, regardless of other requirements.",All participants solving a certain threshold of challenges will receive a certificate.
When does registration for the event challenges close?,Registration for the Event Challenges closes on the day before the start of the challenges.," Registration closes on October 18th, 2023.",Registration for Event Challenges will remain open until the last day before the start of the challenges.
What is the deadline for registering for the event challenges?,The deadline for registering for the Event Challenges is the last day before the start of the challenges.," The deadline for registering for the event challenges is the last day before the start of the challenges, which is October 19th, 2023.",Registration are open until the last day before the start of the challenges Event Challenges
How can I register for the event challenges?,"You can register for the Event Challenges by visiting the GDG challenges platform and clicking on the ""Register"" button.", You can register for the event challenges by signing up in GDG challenges plateform until the last day before the start of the challenges.,Everyone is welcome to register for the challenges as they will be online Event Challenges
What is the process for registering for the event challenges?,"To register for the Event Challenges, you can do so by visiting the GDG challenges platform and clicking on the ""Register"" button.", Participants can register for the event challenges by signing up on the GDG challenges platform until the last day before the start of the challenges.,"Sorry, the chatbot cannot answer this question"
What happens if I miss the registration deadline for the event challenges?,"If you miss the registration deadline for the Event Challenges, you will not be able to participate in the challenges."," If you miss the registration deadline, you will not be able to participate in the event challenges.",Everyone is welcome to register for the challenges as they will be online
What kind of event challenges are available?,Event challenges are available and winners will be announced and mentioned in our social media.," The event challenges available are Web, Mobile, AI, Cyber Security, and Game Dev.",Additional clarifications and details can be obtained by raching out GDG through Community server discord and social media platforms
Who should I contact for more information about the event challenges?,"For more information about the Event Challenges, you can contact GDG Algiers through their social media platforms.", You can contact GDG through Community server discord and social media platforms for additional clarifications and details.,"Sorry, the chatbot cannot answer this question"
What is the best way to reach out to GDG for additional clarifications and details?,The best way to reach out to GDG for additional clarifications and details is by using the GDG community server on Discord., Reaching out to GDG through Community server discord and social media platforms.,"Sorry, the chatbot cannot answer this question"
What social media platforms can I use to get more information about the event challenges?,You can get more information about the Event Challenges by reaching out to GDG Algiers on their social media platforms., You can reach out to GDG through Community server discord and social media platforms.,A Hackathon is an event where programmers and others involved in software development come together to collaborate intensively on software projects.
What kind of support does GDG provide for event challenges?,GDG provides support for event challenges through an online platform.," GDG provides support for event challenges by providing clarifications and details through their Community server discord and social media platforms, and by providing a challenges platform at gdg.challenges.com.",The Hackathon part of DevFestâ€™23 will take place on November 30.
What is the event Hackathon?,Hackathon is an event where participants come together to collaborate and create innovative solutions to challenges in a certain theme.," The event Hackathon is a hackathon and online challenges event with mentors to help participants, prizes including a trip to anywhere in the world, and teams of 5 participants.","Sorry, the chatbot cannot answer this question"
When is the event Hackathon taking place?,"The event Hackathon will take place from November 30th to the 2nd December, 2023.", The Hackathon is taking place on November 30th.,"You can code, create, and compete at the Hackathon."
Where will the event Hackathon be held?,"The event Hackathon will be held on October 19th, 2023.", I don't know.,"Sorry, the chatbot cannot answer this question"
What activities will be available at the event Hackathon?,"At the event Hackathon, participants will have the opportunity to compete in a 48-hour coding challenge."," At the event Hackathon, there will be workshops, mentorship sessions, and online challenges. Prizes for the hackathon include a trip to anywhere in the world.","Sorry, the chatbot cannot answer this question"
What is the cost to attend the event Hackathon?,The cost to attend the event Hackathon is free., The cost to attend the event Hackathon is free.,"Sorry, the chatbot cannot answer this question"
What is the theme of this year's Hackathon?,The theme of this year's Hackathon is Smart Cities., The theme of this year's Hackathon is Smart Cities.,"Sorry, the chatbot cannot answer this question"
What are the subthemes of this year's Hackathon?,"The subthemes of this year's Hackathon are Smart Cities, Cybersecurity, and Open Innovation.", The subthemes of this year's Hackathon will be provided only to the participants.,"You can code, create, and compete at DevFest'23 Hackathon."
How can participants access the hacker guide?,Participants can access the hacker guide by registering for the Event Hackathon., The hacker guide will be provided only to the participants.,"Sorry, the chatbot cannot answer this question"
What kind of projects can be developed during the Hackathon?,"During the Hackathon, participants will have the opportunity to develop projects in the form of a web, mobile, or software application."," Teams can develop any kind of project they want, as long as it meets the judging criteria of creativity and innovation, clean implementation, and business value.","The Hackathon will take place on November 30, and we are expecting 100 participants to compete and showcase their technical skills."
What kind of resources are available to participants during the Hackathon?,Participants in the Event Hackathon will have access to all the challenges and will be able to submit their solutions through the Event platform.," During the Hackathon, participants will have access to mentorship sessions with experts in their fields, as well as online challenges. Teams will be limited to 5 participants.",The team size is 5 participants
What is the Event Hackathon?,"The Event Hackathon is an event that will take place from November 30th to the 2nd December, 2023."," The Event Hackathon is an event that consists of two parts: a hackathon and online challenges. It will take place from October 30th to the 1st December, 2023 and teams of 5 participants will be able to get help from mentors who are experts in their fields.","Google Developers Groups organizes the DevFest event each year. At DevFest, you can meet other tech enthusiasts, learn new things, and stay updated on the latest tech trends."
How many people can be on a team?,"For the Event Challenges, each participant will compete individually.", The team size is 5 participants.,"The event hackathon will have the following rules:
- The team size is 5 participants.
- The registration is simple and convenient.
- The hackathon prizes include a trip to anywhere in the world."
What is the purpose of the Event Hackathon?,The purpose of the Event Hackathon is to bring together teams of 5 participants to collaborate and create innovative solutions to challenges in a limited amount of time., The purpose of the Event Hackathon is to provide a platform for participants to work together to develop innovative solutions to challenges related to Smart Cities.,Prizes for the winners of the hackathon include a trip to anywhere in the world.
What are the rules for the Event Hackathon?,The Event Hackathon has a set of rules that all participants must follow.," The rules for the Event Hackathon are that teams must have 5 participants, each participant must bring their laptop, phone, charger, headphones, sweaters, and a T-shirt, and a sleeping bag. The theme of the hackathon is Smart Cities, and the subthemes and hacker guide will be provided to the participants.","Sorry, the chatbot cannot answer this question"
What are the benefits of participating in the Event Hackathon?,"Participating in the Event Hackathon offers the opportunity to gain new skills, network with other participants and mentors, and potentially win prizes."," Participants in the Event Hackathon will have access to mentorship sessions with experts in their fields, the opportunity to participate in online challenges, and the chance to win a trip to anywhere in the world.","Registration for DevFest 2023 is simple and convenient. Follow these steps to secure your spot: 
- Visit our official Devfestâ€™23 website throughout the link : providing the link  
- Click on the ""Register Now"" button to start the registration process. 
- You will be guided through the registration form where you can select to register for the hackathon.  
- Once your registration is complete, you will receive a confirmation email whether you are accepted or not, with more details about devfestâ€™23."
What is the link to the official DevFest 2023 website?,The official DevFest 2023 website can be found at devfest.gdg.io., The link to the official DevFest 2023 website is provided in the registration steps.,"Sorry, the chatbot cannot answer this question"
What is the process for registering for the DevFest 2023 Hackathon?,"To register for the DevFest 2023 Hackathon, you can do so by visiting the official website and clicking on the ""Register Now"" button."," Visit the official DevFest 2023 website, click on the ""Register Now"" button, fill out the registration form, and then you will receive a confirmation email with more details about DevFest 2023.","Once your registration is complete, you will receive a confirmation email whether you are accepted or not, with more details about devfestâ€™23."
What information is required to complete the registration form?,"To complete the registration form for an Event in the GDG Community, you need to provide your full name, email address, and phone number.", The information required to complete the registration form will depend on the specific field chosen by the participant.,"You will receive a confirmation email whether you are accepted or not, with more details about devfestâ€™23."
What happens after the registration is complete?,"Once the registration is complete, you will receive a confirmation email with further details about the event.", Participants can sign up in the GDG Challenges platform and compete in the challenges. There will be a leaderboard on the Challenges platform for each field which will be frozen on the last phase of the competition.,"Sorry, the chatbot cannot answer this question"
How will I know if I am accepted or not?,"Once you apply to participate in an Event, you will receive a confirmation email indicating whether you have been accepted or not.", You will be notified by email if you are accepted. Winners will also be announced and mentioned in our social media.,"A team will submit their project in DevPost including:
- Project description
- Project presentation
- Source code"
What is the purpose of the Event Hackathon?,The purpose of the Event Hackathon is to bring together teams of 5 participants to collaborate and create innovative solutions to challenges in a limited amount of time., The purpose of the Event Hackathon is to provide a platform for participants to work together to develop innovative solutions to challenges related to the theme of Smart Cities.,"Sorry, the chatbot cannot answer this question"
What is the process for submitting a project?,"To submit a project for the Event Hackathon, you will need to provide a project description, Devpost submission, and project code."," Teams will submit their project in DevPost including a project description, project presentation, and source code.","Sorry, the chatbot cannot answer this question"
What information is required for a project submission?,"For a project submission, participants are required to submit their project on the DevPost platform, including a project description, project presentation, source code, and any other necessary project files."," A project submission requires a project description, project presentation, and source code.","Sorry, the chatbot cannot answer this question"
What platform is used to submit projects?,All project submissions for the Event Hackathon must be submitted on the hackathon platform., DevPost,The Event Hackathon will be divided into two parts: a hackathon and online challenges.
What is the format of the project presentation?,The format of the project presentation is a PowerPoint presentation.," The project presentation should include a project description, a project presentation, and source code.","The judging criteria include:
- Creativity and innovation
- Clean implemntation
- Business value"
What is the purpose of the Event Hackathon?,The purpose of the Event Hackathon is to bring together teams of 5 participants to collaborate and create innovative solutions to challenges in a limited amount of time., The purpose of the Event Hackathon is to provide a platform for participants to work together to develop innovative solutions to challenges related to the theme of Smart Cities.,"As part of the judging criteria, participants' projects will be assessed based on the following criteria:
- Creativity and innovation
- Clean implemntation
- Business value"
What is the judging process for the Event Hackathon?,"The judging process for the Event Hackathon includes criteria such as creativity and innovation, clean implementation, and business value."," Teams will submit their project in DevPost, and then the judges will evaluate the projects based on the criteria of creativity and innovation, clean implementation, and business value.",Hackathon prizes include a trip to anywhere in the world
What criteria are used to judge the Event Hackathon?,"The Event Hackathon is judged based on criteria such as creativity and innovation, clean implementation, and business value."," Creativity and innovation, clean implementation, and business value.",The grand prize for the Hackathon is a trip to anywhere in the world.
How is creativity and innovation evaluated in the Event Hackathon?,"Creativity and innovation are evaluated in the Event Hackathon through criteria such as creativity and innovation, clean implementation, and business value."," Teams of 5 participants will be judged on their creativity and innovation, as well as their clean implementation and business value. Mentors will be available to help teams with their issues.",The grand prize for the Hackathon is a trip to anywhere in the world.
What is the importance of clean implementation in the Event Hackathon?,"Clean implementation is one of the judging criteria in the Event Hackathon, and it refers to the organization and structure of the code, as well as the use of best practices and design patterns.", Clean implementation is important in the Event Hackathon because it is one of the criteria that the judges will use to evaluate the projects. It is important to make sure that the code is well-structured and easy to understand.,Hackathon prizes include a trip to anywhere in the world
What is the event Hackathon?,Hackathon is an event where participants come together to collaborate and create innovative solutions to challenges in a certain theme.," The event Hackathon is a hackathon and online challenges event with mentors to help participants, prizes including a trip to anywhere in the world, and teams of 5 participants.","Sorry, the chatbot cannot answer this question"
What are the prizes for the Hackathon?,The prizes for the Hackathon include a trip to anywhere in the world.," Prizes for the Hackathon include a trip to anywhere in the world, computer components, software subscriptions, and hoodies.","While there are no workshops scheduled for the hackathon, 
Yes, there will be mentorship sessions, our mentors will be available to assist you whenever you need guidance or have questions during the hackathon."
What is the grand prize for the Hackathon?,The grand prize for the Hackathon is a trip to anywhere in the world., A trip to anywhere in the world.,"Yes, there will be mentorship sessions, our mentors will be available to assist you whenever you need guidance or have questions during the hackathon."
Where can the grand prize for the Hackathon take you?,The grand prize for the Hackathon can take you anywhere in the world., The grand prize for the Hackathon is a trip to anywhere in the world.,Our mentors will be available to assist you whenever you need guidance or have questions during the hackathon.
What other prizes are available for the Hackathon?,"In addition to the trip to anywhere in the world, the Hackathon event offers other prizes."," Prizes include computer components, software subscriptions and hoodies.","Google Developers Groups organizes DevFest, a yearly tech event where coders and others can meet, learn new things, and stay updated on the latest tech trends."
What is the event Hackathon?,Hackathon is an event where participants come together to collaborate and create innovative solutions to challenges in a certain theme.," The event Hackathon is a hackathon and online challenges event with mentors to help participants, prizes including a trip to anywhere in the world, and teams of 5 participants.",Hackathon prizes include a trip to anywhere in the world
What kind of workshops will be available at the Hackathon?,"At the Hackathon, there will be mentors available to provide guidance and answer any questions you may have.", There are no workshops scheduled for the Hackathon.,"Sorry, the chatbot cannot answer this question"
Are there any scheduled workshops for the Hackathon?,"Yes, there will be mentorship sessions available during the Hackathon."," No, there are no workshops scheduled for the Hackathon.","Yes, there will be mentorship sessions, our mentors will be available to assist you whenever you need guidance or have questions during the hackathon."
Will there be mentorship sessions at the Hackathon?,"Yes, there will be mentorship sessions at the Hackathon. Our mentors will be available to provide guidance and answer any questions you may have."," Yes, there will be mentorship sessions at the Hackathon.","Yes, you will receive a new T-shirt at the event."
Who will be providing mentorship sessions at the Hackathon?,Mentors and experts will be providing mentorship sessions at the Hackathon., Experts in their fields will be providing mentorship sessions at the Hackathon.,A Hackathon is an event where developers come together to collaborate intensively on software projects.
What is the purpose of the event Hackathon?,The purpose of the event Hackathon is to bring together teams of 5 participants to collaborate and create innovative solutions to challenges in a limited amount of time.," The purpose of the event Hackathon is to provide participants with an opportunity to work on projects related to the theme of Smart Cities, with the help of mentors who are experts in their fields.","Yes, there will be mentorship sessions, our mentors will be available to assist you whenever you need guidance or have questions during the hackathon."
What is included in the Hackathon pack?,"The Hackathon pack includes a laptop charger, sleeping bag, and toiletries."," The Hackathon pack includes a laptop with its bag (charger/keyboard/mouse), phone and charger, headphones if needed, sweaters and one t-shirt, and a sleeping bag.",Experts in their fields
What type of laptop should I bring to the event?,You should bring your laptop to the event.," It depends on what type of tasks you will be doing at the event. If you are unsure, it is best to bring a laptop that is powerful enough to handle the tasks you will be doing.",The mentors will be experts in their fields.
Do I need to bring my own headphones to the event?,"Yes, you need to bring your own headphones to the event."," Yes, you need to bring your own headphones if you need to listen to music.","Yes, there will be mentors available to assist you whenever you need guidance or have questions during the hackathon."
